--
-- File generated with SQLiteStudio v3.2.1 on Wed Mar 20 01:33:00 2019
--
-- Text encoding used: UTF-8
--
PRAGMA foreign_keys = off;
BEGIN TRANSACTION;

-- Table: db_attributes
CREATE TABLE db_attributes (name Varchar PRIMARY KEY ON CONFLICT REPLACE NOT NULL, type Varchar, dist_values Int);
INSERT INTO db_attributes (name, type, dist_values) VALUES ('c_custkey', 'Integer', 150000);
INSERT INTO db_attributes (name, type, dist_values) VALUES ('c_name', 'String', 150000);
INSERT INTO db_attributes (name, type, dist_values) VALUES ('c_address', 'String', 150000);
INSERT INTO db_attributes (name, type, dist_values) VALUES ('c_nationkey', 'Integer', 25);
INSERT INTO db_attributes (name, type, dist_values) VALUES ('c_phone', 'String', 150000);
INSERT INTO db_attributes (name, type, dist_values) VALUES ('c_acctbal', 'Float', 140187);
INSERT INTO db_attributes (name, type, dist_values) VALUES ('c_mktsegment', 'String', 5);
INSERT INTO db_attributes (name, type, dist_values) VALUES ('c_comment', 'String', 149968);
INSERT INTO db_attributes (name, type, dist_values) VALUES ('l_orderkey', 'Integer', 1500000);
INSERT INTO db_attributes (name, type, dist_values) VALUES ('l_partkey', 'Integer', 200000);
INSERT INTO db_attributes (name, type, dist_values) VALUES ('l_suppkey', 'Integer', 10000);
INSERT INTO db_attributes (name, type, dist_values) VALUES ('l_linenumber', 'Integer', 7);
INSERT INTO db_attributes (name, type, dist_values) VALUES ('l_quantity', 'Integer', 50);
INSERT INTO db_attributes (name, type, dist_values) VALUES ('l_extendedprice', 'Float', 933900);
INSERT INTO db_attributes (name, type, dist_values) VALUES ('l_discount', 'Float', 11);
INSERT INTO db_attributes (name, type, dist_values) VALUES ('l_tax', 'Float', 9);
INSERT INTO db_attributes (name, type, dist_values) VALUES ('l_returnflag', 'String', 3);
INSERT INTO db_attributes (name, type, dist_values) VALUES ('l_linestatus', 'String', 2);
INSERT INTO db_attributes (name, type, dist_values) VALUES ('l_shipdate', 'String', 2526);
INSERT INTO db_attributes (name, type, dist_values) VALUES ('l_commitdate', 'String', 2466);
INSERT INTO db_attributes (name, type, dist_values) VALUES ('l_receiptdate', 'String', 2554);
INSERT INTO db_attributes (name, type, dist_values) VALUES ('l_shipinstruct', 'String', 4);
INSERT INTO db_attributes (name, type, dist_values) VALUES ('l_shipmode', 'String', 7);
INSERT INTO db_attributes (name, type, dist_values) VALUES ('l_comment', 'String', 4580667);
INSERT INTO db_attributes (name, type, dist_values) VALUES ('n_nationkey', 'Integer', 25);
INSERT INTO db_attributes (name, type, dist_values) VALUES ('n_name', 'String', 25);
INSERT INTO db_attributes (name, type, dist_values) VALUES ('n_regionkey', 'Integer', 5);
INSERT INTO db_attributes (name, type, dist_values) VALUES ('n_comment', 'String', 25);
INSERT INTO db_attributes (name, type, dist_values) VALUES ('o_orderkey', 'Integer', 1500000);
INSERT INTO db_attributes (name, type, dist_values) VALUES ('o_custkey', 'Integer', 99996);
INSERT INTO db_attributes (name, type, dist_values) VALUES ('o_orderstatus', 'String', 3);
INSERT INTO db_attributes (name, type, dist_values) VALUES ('o_totalprice', 'Integer', 1464566);
INSERT INTO db_attributes (name, type, dist_values) VALUES ('o_orderdate', 'String', 2406);
INSERT INTO db_attributes (name, type, dist_values) VALUES ('o_orderpriority', 'String', 5);
INSERT INTO db_attributes (name, type, dist_values) VALUES ('o_clerk', 'String', 1000);
INSERT INTO db_attributes (name, type, dist_values) VALUES ('o_shippriority', 'Integer', 1);
INSERT INTO db_attributes (name, type, dist_values) VALUES ('o_comment', 'String', 1482071);
INSERT INTO db_attributes (name, type, dist_values) VALUES ('p_partkey', 'Integer', 200000);
INSERT INTO db_attributes (name, type, dist_values) VALUES ('p_name', 'String', 199996);
INSERT INTO db_attributes (name, type, dist_values) VALUES ('p_mfgr', 'String', 5);
INSERT INTO db_attributes (name, type, dist_values) VALUES ('p_brand', 'String', 25);
INSERT INTO db_attributes (name, type, dist_values) VALUES ('p_type', 'String', 150);
INSERT INTO db_attributes (name, type, dist_values) VALUES ('p_size', 'Integer', 50);
INSERT INTO db_attributes (name, type, dist_values) VALUES ('p_container', 'String', 40);
INSERT INTO db_attributes (name, type, dist_values) VALUES ('p_retailprice', 'Float', 20899);
INSERT INTO db_attributes (name, type, dist_values) VALUES ('p_comment', 'String', 131753);
INSERT INTO db_attributes (name, type, dist_values) VALUES ('ps_partkey', 'Integer', 200000);
INSERT INTO db_attributes (name, type, dist_values) VALUES ('ps_suppkey', 'Integer', 10000);
INSERT INTO db_attributes (name, type, dist_values) VALUES ('ps_availqty', 'Integer', 9999);
INSERT INTO db_attributes (name, type, dist_values) VALUES ('ps_supplycost', 'Float', 99865);
INSERT INTO db_attributes (name, type, dist_values) VALUES ('ps_comment', 'String', 799124);
INSERT INTO db_attributes (name, type, dist_values) VALUES ('r_regionkey', 'Integer', 5);
INSERT INTO db_attributes (name, type, dist_values) VALUES ('r_name', 'String', 5);
INSERT INTO db_attributes (name, type, dist_values) VALUES ('r_comment', 'String', 5);
INSERT INTO db_attributes (name, type, dist_values) VALUES ('s_suppkey', 'Integer', 10000);
INSERT INTO db_attributes (name, type, dist_values) VALUES ('s_name', 'String', 10000);
INSERT INTO db_attributes (name, type, dist_values) VALUES ('s_address', 'String', 10000);
INSERT INTO db_attributes (name, type, dist_values) VALUES ('s_nationkey', 'Integer', 25);
INSERT INTO db_attributes (name, type, dist_values) VALUES ('s_phone', 'String', 10000);
INSERT INTO db_attributes (name, type, dist_values) VALUES ('s_acctbal', 'Integer', 9955);
INSERT INTO db_attributes (name, type, dist_values) VALUES ('s_comment', 'String', 10000);

-- Table: db_table_attr
CREATE TABLE db_table_attr (t_name VARCHAR NOT NULL, a_name VARCHAR NOT NULL, a_order INTEGER NOT NULL, FOREIGN KEY (t_name) REFERENCES db_tables (name), FOREIGN KEY (a_name) REFERENCES db_attributes (name), UNIQUE (t_name, a_name) ON CONFLICT IGNORE);
INSERT INTO db_table_attr (t_name, a_name, a_order) VALUES ('customer', 'c_custkey', 0);
INSERT INTO db_table_attr (t_name, a_name, a_order) VALUES ('customer', 'c_name', 1);
INSERT INTO db_table_attr (t_name, a_name, a_order) VALUES ('customer', 'c_address', 2);
INSERT INTO db_table_attr (t_name, a_name, a_order) VALUES ('customer', 'c_nationkey', 3);
INSERT INTO db_table_attr (t_name, a_name, a_order) VALUES ('customer', 'c_phone', 4);
INSERT INTO db_table_attr (t_name, a_name, a_order) VALUES ('customer', 'c_acctbal', 5);
INSERT INTO db_table_attr (t_name, a_name, a_order) VALUES ('customer', 'c_mktsegment', 6);
INSERT INTO db_table_attr (t_name, a_name, a_order) VALUES ('customer', 'c_comment', 7);
INSERT INTO db_table_attr (t_name, a_name, a_order) VALUES ('lineitem', 'l_orderkey', 0);
INSERT INTO db_table_attr (t_name, a_name, a_order) VALUES ('lineitem', 'l_partkey', 1);
INSERT INTO db_table_attr (t_name, a_name, a_order) VALUES ('lineitem', 'l_suppkey', 2);
INSERT INTO db_table_attr (t_name, a_name, a_order) VALUES ('lineitem', 'l_linenumber', 3);
INSERT INTO db_table_attr (t_name, a_name, a_order) VALUES ('lineitem', 'l_quantity', 4);
INSERT INTO db_table_attr (t_name, a_name, a_order) VALUES ('lineitem', 'l_extendedprice', 5);
INSERT INTO db_table_attr (t_name, a_name, a_order) VALUES ('lineitem', 'l_discount', 6);
INSERT INTO db_table_attr (t_name, a_name, a_order) VALUES ('lineitem', 'l_tax', 7);
INSERT INTO db_table_attr (t_name, a_name, a_order) VALUES ('lineitem', 'l_returnflag', 8);
INSERT INTO db_table_attr (t_name, a_name, a_order) VALUES ('lineitem', 'l_linestatus', 9);
INSERT INTO db_table_attr (t_name, a_name, a_order) VALUES ('lineitem', 'l_shipdate', 10);
INSERT INTO db_table_attr (t_name, a_name, a_order) VALUES ('lineitem', 'l_commitdate', 11);
INSERT INTO db_table_attr (t_name, a_name, a_order) VALUES ('lineitem', 'l_receiptdate', 12);
INSERT INTO db_table_attr (t_name, a_name, a_order) VALUES ('lineitem', 'l_shipinstruct', 13);
INSERT INTO db_table_attr (t_name, a_name, a_order) VALUES ('lineitem', 'l_shipmode', 14);
INSERT INTO db_table_attr (t_name, a_name, a_order) VALUES ('lineitem', 'l_comment', 15);
INSERT INTO db_table_attr (t_name, a_name, a_order) VALUES ('nation', 'n_nationkey', 0);
INSERT INTO db_table_attr (t_name, a_name, a_order) VALUES ('nation', 'n_name', 1);
INSERT INTO db_table_attr (t_name, a_name, a_order) VALUES ('nation', 'n_regionkey', 2);
INSERT INTO db_table_attr (t_name, a_name, a_order) VALUES ('nation', 'n_comment', 3);
INSERT INTO db_table_attr (t_name, a_name, a_order) VALUES ('orders', 'o_orderkey', 0);
INSERT INTO db_table_attr (t_name, a_name, a_order) VALUES ('orders', 'o_custkey', 1);
INSERT INTO db_table_attr (t_name, a_name, a_order) VALUES ('orders', 'o_orderstatus', 2);
INSERT INTO db_table_attr (t_name, a_name, a_order) VALUES ('orders', 'o_totalprice', 3);
INSERT INTO db_table_attr (t_name, a_name, a_order) VALUES ('orders', 'o_orderdate', 4);
INSERT INTO db_table_attr (t_name, a_name, a_order) VALUES ('orders', 'o_orderpriority', 5);
INSERT INTO db_table_attr (t_name, a_name, a_order) VALUES ('orders', 'o_clerk', 6);
INSERT INTO db_table_attr (t_name, a_name, a_order) VALUES ('orders', 'o_shippriority', 7);
INSERT INTO db_table_attr (t_name, a_name, a_order) VALUES ('orders', 'o_comment', 8);
INSERT INTO db_table_attr (t_name, a_name, a_order) VALUES ('part', 'p_partkey', 0);
INSERT INTO db_table_attr (t_name, a_name, a_order) VALUES ('part', 'p_name', 1);
INSERT INTO db_table_attr (t_name, a_name, a_order) VALUES ('part', 'p_mfgr', 2);
INSERT INTO db_table_attr (t_name, a_name, a_order) VALUES ('part', 'p_brand', 3);
INSERT INTO db_table_attr (t_name, a_name, a_order) VALUES ('part', 'p_type', 4);
INSERT INTO db_table_attr (t_name, a_name, a_order) VALUES ('part', 'p_size', 5);
INSERT INTO db_table_attr (t_name, a_name, a_order) VALUES ('part', 'p_container', 6);
INSERT INTO db_table_attr (t_name, a_name, a_order) VALUES ('part', 'p_retailprice', 7);
INSERT INTO db_table_attr (t_name, a_name, a_order) VALUES ('part', 'p_comment', 8);
INSERT INTO db_table_attr (t_name, a_name, a_order) VALUES ('partsupp', 'ps_partkey', 0);
INSERT INTO db_table_attr (t_name, a_name, a_order) VALUES ('partsupp', 'ps_suppkey', 1);
INSERT INTO db_table_attr (t_name, a_name, a_order) VALUES ('partsupp', 'ps_availqty', 2);
INSERT INTO db_table_attr (t_name, a_name, a_order) VALUES ('partsupp', 'ps_supplycost', 3);
INSERT INTO db_table_attr (t_name, a_name, a_order) VALUES ('partsupp', 'ps_comment', 4);
INSERT INTO db_table_attr (t_name, a_name, a_order) VALUES ('region', 'r_regionkey', 0);
INSERT INTO db_table_attr (t_name, a_name, a_order) VALUES ('region', 'r_name', 1);
INSERT INTO db_table_attr (t_name, a_name, a_order) VALUES ('region', 'r_comment', 2);
INSERT INTO db_table_attr (t_name, a_name, a_order) VALUES ('supplier', 's_suppkey', 0);
INSERT INTO db_table_attr (t_name, a_name, a_order) VALUES ('supplier', 's_name', 1);
INSERT INTO db_table_attr (t_name, a_name, a_order) VALUES ('supplier', 's_address', 2);
INSERT INTO db_table_attr (t_name, a_name, a_order) VALUES ('supplier', 's_nationkey', 3);
INSERT INTO db_table_attr (t_name, a_name, a_order) VALUES ('supplier', 's_phone', 4);
INSERT INTO db_table_attr (t_name, a_name, a_order) VALUES ('supplier', 's_acctbal', 5);
INSERT INTO db_table_attr (t_name, a_name, a_order) VALUES ('supplier', 's_comment', 6);

-- Table: db_tables
CREATE TABLE db_tables (name Varchar PRIMARY KEY ON CONFLICT REPLACE NOT NULL, tuple_number Int, location Varchar);
INSERT INTO db_tables (name, tuple_number, location) VALUES ('customer', 150000, 'HeapFileData/customer.hfile');
INSERT INTO db_tables (name, tuple_number, location) VALUES ('lineitem', 6001215, 'HeapFileData/lineitem.hfile');
INSERT INTO db_tables (name, tuple_number, location) VALUES ('nation', 25, 'HeapFileData/nation.hfile');
INSERT INTO db_tables (name, tuple_number, location) VALUES ('orders', 1500000, 'HeapFileData/orders.hfile');
INSERT INTO db_tables (name, tuple_number, location) VALUES ('part', 200000, 'HeapFileData/part.hfile');
INSERT INTO db_tables (name, tuple_number, location) VALUES ('partsupp', 800000, 'HeapFileData/partsupp.hfile');
INSERT INTO db_tables (name, tuple_number, location) VALUES ('region', 5, 'HeapFileData/region.hfile');
INSERT INTO db_tables (name, tuple_number, location) VALUES ('supplier', 10000, 'HeapFileData/supplier.hfile');

COMMIT TRANSACTION;
PRAGMA foreign_keys = on;
